leader,vote,name,Sc,Sc_p,R-Sc,R-Sc_p,slots,Sc_p_lb,Sc_p_ub,Sc_p_flag,Sc_lb,Sc_ub,Sc_flag
7bLCyBuFdPFYbBuztRvqrX9e13Dt6mfpoxdnMDhXvZaV,9fgw3MScN9xDUTLZJaiqTBF9BmoASJGWmJCdUKSjzsXs,"",1.2049741124260356,0.46298693293885607,3258.25,1251.9166666666667,2704,0.42598949097694855,0.5003964585481653,true,0.01671348199195763,0.06367739102391538,true
F9Sq9BxVPCBG4UMU1XAF8JBSeKhyWQdLv2PPizy1xQZx,8RaPWvLNqanZCvrQLsou1hmSj3srN7H6ds8AR9LwiqNa,"enderSOL Validator",1.1806768558951968,0.4494177583697234,1081.5000000000002,411.66666666666663,916,0.38681193671162495,0.5136681258328801,true,-0.00014957552198150564,0.08054044853785453,true
6dwKX2BK1JowEVXvKemcfw2arNeTe6RHYrs4FomxSVPw,BT8LZUvQVwFHRGw2Dwv7UeqDUq7btfjegLpuz5bwgziD,"private",0.8966066970585045,0.40020215999131664,11013.91666666667,4916.083333333334,12284,0.38313673438812856,0.4175132305568574,true,0.029178326594355482,0.05121254642151753,true
CKwRED4NttAKmB4D2aos4uQqXqH1QehRoZLdRkyjLdGm,Ha5QeKj9o3u1116qohTcSqEhPRJgUUKSLxS1n5Phgq85,"Gigaward üèÜ ",0.5496794871794872,0.3910256410256411,57.16666666666667,40.66666666666667,104,0.23038278822873096,0.5793595861003694,true,-0.079539507786338,0.15993038080221103,true
5rtCpCsHQUdh48zfWSo3VHmWoPoJ33PqA8BJtxojyz5Q,2qD6yvLwy3ckWxsS1iQwrkCjLgcvH1u9PLu5m9KRRn5x,"Heliuz 0% fee + Mev",0.787326388888889,0.38592303240740744,907.0000000000001,444.58333333333337,1152,0.3319436193591262,0.4428613952065804,true,0.004219563081450571,0.07617130993442245,true
1znL3zFHi3znoaz6T6rnnEnRj8Ar3fohDq7ZNk37sUL,A1taSaBJrLMrqfWsPESYDujnZv5yD7bF35LjXoyNXhzN,"AltaBlock",0.7110938578329883,0.3752587991718427,1373.8333333333333,725.0000000000001,1932,0.33352683362218555,0.4189301979225479,true,0.012415322412429704,0.0679755506034433,true
b8ThsbsARWyjqWrBdU9JNFhXg8ZAjDaJtaqXXzy1sRS,CzmqDuqEpfnkptuLAcikmJrhCnhFXo8aUBj6Rto1SPAc,"MARGUS.ONE üíé 0% fee +MEV!",0.6787280701754386,0.374765037593985,722.1666666666666,398.75000000000006,1064,0.3191652025829244,0.43387813408678894,true,0.002761390295403926,0.07762948272046909,true
71M936kzQRe7eWrABba6yKqPsmTMVhijQqDNQP9qM9pP,DM8eVQwKYpFUq4MAC1XEeZMjV4T34LfvGkK9vca55GaY,"SpaceCat.ws üöÄ 0% + MEV",0.7073863636363635,0.3746556473829201,684.7499999999999,362.6666666666667,968,0.31649461192595824,0.4366763709326918,true,0.0009490291335882209,0.07944184388228478,true
RUSHpmG4o1ydgySKRexRws7WMmu8nH5BaQgEAmwo2hK,2Gife8andd4BkEbT5CncpriPxmQYqbspDh8cXkN6RUSH,"RushChain",0.6967628705148206,0.3692147685907437,1786.5,946.6666666666669,2564,0.3330035727951488,0.406961096271223,true,0.016080919061803093,0.06430995395406992,true
STA5dMZHibCkLtWGXmEADpdkR8VRkGTJf1gTSMyJ1YU,D8aGMETy3q6ymADJs7YS81QY2qTQmptVox3iCfGDgSTA,"SolTA",0.7162947466294748,0.3682880055788006,2054.3333333333335,1056.25,2868,0.3340235309815496,0.4039354778193801,true,0.01739474531560754,0.06299612770026547,true
CyUEJ2KvRCDZqPM5PZ7RVznyjsto8zKc5or6CJZJDPda,AjdEzodq5LpRA63AtQaiHyTLDfjTkr6csrtYWiSDPjaK,"IMPULSE‚ö°Ô∏è",0.6573616600790515,0.36380105401844537,665.2500000000001,368.1666666666667,1012,0.3073714036071363,0.4242449768961278,true,0.001811692881776114,0.0785791801340969,true
BJu6CLyEP2M5Fvj88DF7ZcJYhs9qb2FYBBrVKwrFYoQk,HAK7iPgQTFwqEzPfVrRDbG5epFdk1dsA9qQexytsDoes,"StakeShip üõ≥  Additional rewards",0.6900584795321637,0.3630510571300045,2045.3333333333333,1076.0833333333335,2964,0.32946251815425165,0.39803124475060203,true,0.017767026512628105,0.0626238465032449,true
Bnqie7FYWudbSuBjyRHzoKQrz7eGFxmY9wFAMQKKQjEe,6xwWwNVXJLGhgPfBpew7UDcSjQr73McXSRK2EhdhcL1u,"Paradigm üßø",0.6821842783505154,0.36125429553264604,1058.75,560.6666666666666,1552,0.3153655365710772,0.4098232965215694,true,0.009200430300002917,0.07119044271587009,true
Goo7uPA1ASVX2Ws4JW1eAjQxBcTtjMdpAHBtPBzi8yN6,H7JJ6aE73ufbUuDCZSQMxguQsj28XHe4VQyMk2hsVGoo,"GOOSE",0.6590342679127726,0.36074766355140186,1410.3333333333335,772,2140,0.32146843181980667,0.40198298610899974,true,0.013799887498628826,0.06659098551724418,true
CZLU7uNs1SNvmV1vodR29hwJFjQ2eVUXsQJwGt2SKVKk,5ni6KoVM62cRJNfFFKGdiyDfYbKWWAGZ21cfGZcj1y66,"Custodian üíº 0% fees +MEV!",0.60625,0.3501736111111111,291,168.08333333333334,480,0.2712229752187412,0.4382848600618043,true,-0.015538146950481876,0.09592901996635489,true
CbyfiyQAy9pyWKrAv3KViqHgcDPQ9ECmYx3eaQoV5hBw,HFLsfstZkJeWDgVEA5fmXeea876Ad9f1VxrbXk386bBY,"Consensus ü§ù",0.660614824335904,0.3496679520137104,1027.9166666666667,544.0833333333334,1556,0.30428759804402594,0.39794497549523244,true,0.009240295276253092,0.07115057773961991,true
Bs1AYgU6v6MiKivhpNpHnU9VePJAfdeC1yC3FuRaBWNa,FPjq7vB2V3TiseJJSPsp47UWSfT4AwvKjiU7GEro7bX9,"Aspis üõ° +MEV",0.6756430868167203,0.3444868703108253,1681,857.0833333333334,2488,0.30846224727414157,0.3823922986571478,true,0.01571538100583812,0.06467549201003489,true
4o2TxN5RNxjiLvEbK56ZyaZ1bg3ZTgaTLpPRqi8vEkRS,8guXF5HQVU4g71ZCnn6aEJxQyb59NaEc4XCGjF5arsiH,"BLOCKPRIME üí†",0.5921875000000001,0.32447916666666665,94.75000000000001,51.916666666666664,160,0.20117713361179146,0.4781210089791871,true,-0.05633796172992448,0.1367288347457975,true
caraQ1NEwdXDjP8RE28XhiPmzCGNqF5zLNqvjoeDNQ3,CaraHZBReeNNYAJ326DFsvy41M2p1KWTEoBAwBL6bmWZ,"CARASOL",0.5182841068917019,0.32436708860759494,491.3333333333334,307.5,948,0.2683749833590469,0.38587970531294763,true,0.0005371982614072665,0.07985367475446575,true
4ZUdaCPz4t1gJK6bFN2YdG6BDfxZ3ApvGMiQUmKPPtny,7XTz9RDt9gbckonUUYvzQ8q3Pfdo36oiQsreXsHhNFzj,"Spear | best rewards!",0.545343137254902,0.31519607843137254,185.41666666666669,107.16666666666666,340,0.22683386676074868,0.41931178696298144,true,-0.02602592835922956,0.10641680137510257,true
5X39mKkK1QJBnFmzryeRbVmSKQDHR8bvUMm22gQS95YL,HsCdVYYZAVSKhykpJdrmNKN15ePR8WugGXMbkJb8xdsU,"LIONODER ü¶Å",0.4719776995305164,0.30281690140845074,268.0833333333333,172.00000000000003,568,0.2337308749121774,0.3821396439690574,true,-0.011039171556132085,0.0914300445720051,true
2x3pmdwex3s71i8c4VvnHCnYTwXtqPU1LgdX5BLDtN9L,ADmLWUm2eQ3KFijFbqa4bVfiLVmW5iqjStE5b8Wbti1y,"Visor",0.465648854961832,0.2997773536895674,243.99999999999997,157.08333333333334,524,0.22842461216658747,0.382372925268486,true,-0.013146888681309372,0.09353776169718239,true
8ZvC5d39VKnz4UUJV928s76Mv7FdSbX5WwHCuCFAanj3,5WPxGiB6zBXNJp8JN3WhSKDuTY3ZBX6dBDcbtVMQAJLX,"EliteStaking.vip üíú",0.45729166666666665,0.28854166666666664,36.58333333333333,23.083333333333332,80,0.13835478135603194,0.5060166181711208,true,-0.09632340450200955,0.17671427751788255,true
8a5oKmUfwQZwZHV2NFYmiRLNepySV6cNTjEoW7pEFZBN,2uXoWb4tuNZ72wAdQDfGn42PzRQ2kZD2x6ZDt3urwPrv,"Race2Space",0.4576206140350877,0.28821271929824555,695.5833333333333,438.08333333333326,1520,0.24527724781692473,0.33532470695276595,true,0.008875866410481187,0.07151500660539183,true
8bDP7mZsx6Z1pZbRoMtzj5AXaqoyBLqEfgAi157AnKJX,P4f3F3VfMhKvpGQXg2MuvLfWmZui41gvcH9XKtYDiFX,"deadnode",0.4599056603773585,0.28144654088050314,97.50000000000001,59.666666666666664,212,0.17900991873791697,0.4130125746137443,true,-0.043667420880303905,0.12405829389617692,true
ANTmwMfoBzEk31Rw8e11nLRvDgzWEVEMGUUy1v9fdRxV,DrCcHpAWj8a4JU99QKtwfCynzdhgQeuieAY9WadZD5Ry,"FireDog üî• ZERO FEES",0.43923611111111105,0.2757523148148149,252.99999999999997,158.83333333333337,576,0.20975292825868347,0.3532359184002178,true,-0.010682131610017728,0.09107300462589074,true
2XQgZciomz7MoPNUz5YsrPkPsGg43JHaY5EDgQi1S68E,HnkhL3JYBSmb3s9thcVWzAQA9NqJb5m9U2d7mdDxprGo,"Penguin üêß MEV rewards",0.3932291666666667,0.2630208333333333,12.583333333333334,8.416666666666666,32,0.07827944707904722,0.5999613931800192,true,-0.17565980405097906,0.2560506770668521,true
if4NttF3dYuRApxa25zmGmRobehEo3kU9jyeuZRHsxL,2Q9mEXrNcJknsDyBjsAieH8XrL4MBePEaLJwmHr3NK3L,"BonsAI üå≥",0.40277777777777773,0.26142473118279574,149.83333333333331,97.25000000000001,372,0.18336663968939976,0.35813898970808805,true,-0.023113660072473848,0.10350453308834687,true
tPTMVvqGgzecHLQKHUhoXR8UFuZrFzz9UKK4ywVdLaZ,5yFNiQbTabGCMzvfyrhjiMAH1g6VEcs7uHe4W3KyYwR7,"DeezNode X",0.32459677419354843,0.22580645161290325,40.25000000000001,28.000000000000004,124,0.11453934119348252,0.3967326851977234,true,-0.06945913535061929,0.14985000836649232,true
4mopxYfAN5crk4MT7pSCLL754Xo1V678wLX9wDFJTpvD,GFQmJaC2SqTDf2tfAHauiGdaBfBD8tJVpwZTT78SeBCr,"AsmrValidator ‚úÖ 0% fee + MEV ",0.3051470588235294,0.20465686274509803,20.749999999999996,13.916666666666666,68,0.07807608246070766,0.43878393072856325,true,-0.10788003689786313,0.18827090991373613,true
Mwz8VgAEnPtfqS62r3ixrFiMJwnNfEwR141CGnsTo5k,A11pGbZDE8fPNZgiqDjoST6v3QMdhzZ3r8W5YahCKtS5,"Rain WorksüíßMEVüíß0% fees",0.29178176795580113,0.20165745856353595,211.25000000000003,146.00000000000003,724,0.15002411671701887,0.2655102533863297,true,-0.005184961760903703,0.08557583477677672,true
3Kzdcmu6yWE4AEhFdxAoWncLijpwzNB95JThHRXzvf5k,6GoijNiK3JZVAY96ykCfPhcJnrQfrQMLvrQaX5HyMVhu,"byasa mencius",0.2679093567251462,0.20106907894736845,488.6666666666667,366.75000000000006,1824,0.16708522947853463,0.2399735297203147,true,0.011604711451702256,0.06878616156417075,true
AXX64w9VS82qbM6WP5FHSPK7qbnRtzxyAvjARsencqrZ,De4k4hrdkxFHmAx4nVRA3g5ukdg4YqmDLdwuYUcrjjud,"",0.2831266318537859,0.19963011314186252,433.75,305.83333333333337,1532,0.16292222760511432,0.2422154501293572,true,0.008998769056288457,0.07139210395958456,true
C1WasioKLnB2D9xiTQ2aDLS2cWKzaHLCVdDNMvgYtNMT,39xF5qkfK5HBaG4Hkq6bjumUB2k4B5ozEAmfZoobhUVw,"kerak69 üí•0% fee + Jito MEVüí•",0.2656120760959471,0.190136476426799,428.16666666666674,306.5,1612,0.15506147705641615,0.2309765879745877,true,0.009782730244469313,0.0706081427714037,true
XRAYzQwAcSqPt4T78ibJAUPmz9rjsqkWzCxmXHv3nir,9mB171rzHzYFJTSoLBEDTX4ZvzzyWW2mtBBJovy1qD2E,"XRay üåê 0% fee ‚ö° MEV Boost",0.25900900900900903,0.18890765765765766,383.33333333333337,279.5833333333333,1480,0.15254602864093078,0.23156825996268285,true,0.008455450685038286,0.07193542233083472,true
ASryt5BzW7qsYW22xT6V5Bum49J2mEzucLc9bYoWFZMp,8Rs4wJJVFaRmARmwSvsVSAcSsUb9ZJD4USejuHm974hH,"0xEsc",0.25736882716049386,0.18580246913580248,555.9166666666667,401.33333333333337,2160,0.1554692316307278,0.2205086873332528,true,0.013922373305753816,0.0664684997101192,true
3W3NxpDqirkLbdm76zPV9giJycwFF9K18f6YgwHpma8P,6rC1zg98a89eQurdnvXz6uJ3zZZa2f683WwCDB41Us8w,"buba",0.23665364583333334,0.17871093749999997,60.583333333333336,45.74999999999999,256,0.10436741946750694,0.28892756114929646,true,-0.03612091566899484,0.11651178868486786,true
8vwn3wRePwXh7ZZExhsVSpzagnhp9nWrGJ4QEe8bXyQN,4hZueUrKETMSg3k94JihgbyCdc8nma3GcvdeKBrtWamQ,"",0.22767857142857142,0.177827380952381,51,39.83333333333334,224,0.09988271664774709,0.29655735223851176,true,-0.04139017573619399,0.121781048752067,true
FUNDTXgtnkfuhK6G6JUi5CzxPWeZNF9n96vFuBNGFy1v,SAFUitvicp7bGv9pbYhRJB5wu4doALqR5xB22V6EDjQ,"SOL‚öôÔ∏èMECH",0.23127637130801693,0.16732594936708864,146.16666666666669,105.75000000000001,632,0.11749245509180475,0.23272211842282994,true,-0.008375787392925944,0.08876666040879896,true
7iKjbCABbngiEWbNtckZMNWf32VVeF88NhfUrWUz7GHv,EFeLsLsrLhGqy7LSdws4sKvinvCohBBAda2q4iHBrrss,"trezzzorito",0.23197115384615383,0.16666666666666666,192.99999999999997,138.66666666666666,832,0.12245146774228761,0.2227939179852736,true,-0.0021372590198010036,0.08252813203567402,true
5FcsE54M1c1jCRwGo9kiMrLfZd67rEy9PnmeTbJ2rLoW,DepooLoEUsBurWjv2xXnb4qfVFnExRCvAma94mcRzcmc,"‚ùå node is terminated ‚ùå",0.2220238095238095,0.16529761904761905,310.8333333333333,231.41666666666669,1400,0.13029492939229462,0.2074604526811267,true,0.007561191610284311,0.07282968140558871,true
9BTM7PK5UH351kWrkyeSGReL1uYFhonctTNuRKHFXvMr,FVhMWs3bbayWpUqDAbWUPH813gzFzJEo8fzhLhhkGstp,"astol | 0 FEE + jito MEV",0.21342592592592594,0.16435185185185186,76.83333333333334,59.16666666666667,360,0.10223092889573773,0.25355947151125735,true,-0.024160162317304147,0.10455103533317717,true
C4bgengueVA9cRcprjutgu9XgvgoaaFnCqvpZaPy27xx,7DCb5VuNx9XFqsaEgERyb5mwwRunDNtLRudCEoqhcz6N,"",0.25,0.16388888888888892,30,19.66666666666667,120,0.07205296807116113,0.3310206340904164,true,-0.07127173040890025,0.15166260342477328,true
BLhx1pi4rCLZY2qTqLmUAueLXzPzprhaiarysxLbFwVa,3fntToRUTyDpSoLF1QMZgpF5HoDcSmvBisXoyKASMaaH,"toRoot Validator",0.21171171171171174,0.1635135135135135,156.66666666666669,121,740,0.11746460013753152,0.22305216119436327,true,-0.004691681912335911,0.08508255492820893,true
2swwdmPFEPFUJ38nJbJJBA9kKooJzaeUZBJ9o1mYHepc,GRWCUtxwiSLtLGERyNyZymr77NJdko2HdDHxpVcJz6E9,"sobolk_n",0.21574344023323616,0.15142128279883382,296,207.75,1372,0.11758719048150001,0.1928628924872522,true,0.007229870985033138,0.07316100203083988,true
CgX2X6x4kDpxbmAdAPPFFCs7X26b9V8i7hpeYTRHq2hS,6B4Cu11nC7reP3F3wgKVtrHKALH6nFi6io9TXyYijweB,"PolyWitch",0.20087064676616917,0.14832089552238806,53.833333333333336,39.75,268,0.08282044998564672,0.25142340988713063,true,-0.034392774218109955,0.11478364723398296,true
HwDqYfPnp956giyXf1kGFHkUdj6Uu7UyoPSNn1Ku2j5F,APXk9VZkjTPFjJNLFvmCDHqMQ7moQd3ywf3qGtSjvHyj,"Solaris",0.19069529652351738,0.1436605316973415,124.33333333333333,93.66666666666666,652,0.0982981341592305,0.20519294491602702,true,-0.007625027770097638,0.08801590078597066,true
J2895yqMc1JqrWPQ2ryDPn7EbozZpAoCCPTy3BDUME9m,DTDvrj1mKFv453DMAGRuFwg77DuLjsfVHnbLe5BJPL9D,"meAnn | Platinum validator",0.21045918367346939,0.14252645502645503,371.25,251.41666666666666,1764,0.11317919116209028,0.17795641243615118,true,0.011122540440534089,0.06926833257533893,true
DqRT482tSPAyo9LAyXnqT1wgPFVwFTVFrT5oH1Wv2gyx,9gY4S2LkL6QJwBU7hpDFEMKcvb7tvdqW29UfobazJG5i,"QuantumSol (0% Fee)",0.16465643274853803,0.1415082846003899,225.25000000000003,193.58333333333337,1368,0.10875893391606176,0.1821041242133635,true,0.007181710892849663,0.07320916212302335,true
UUcsYKGXbrecWLTNn4LK1N21Px1Ra5c3VsFJzAtzZPk,Agsu9fcnH3rKBix59mktDRqJhjR8aStgLDd9njaddcdr,"spiva4ok",0.24892241379310348,0.1397270114942529,57.75000000000001,32.41666666666667,232,0.07319760019018555,0.250388645271039,true,-0.03997118727781691,0.12036206029368993,true
4VmboVWgpQKM9hcULoYjNdhrDsy8JDD1S6uxuU37xEBE,6wrzzX8hhhwY8NVtZWJqYJJfqnkDiFq6qTZEKLv3SjZk,"DeepSol",0.16387510339123243,0.13880272952853598,264.1666666666667,223.75,1612,0.10864718237858509,0.17567847000239992,true,0.009782730244469313,0.0706081427714037,true
9oJWvtDMLLM5U5hQ8iZ5LjbZLtHHzys91hvQC6esmsrJ,8gGA1SZZ4ASou3mHm61T6vM4jskkjYzXFmbCLwtU3x3j,"Stake-Take",0.15069444444444444,0.13854166666666665,36.166666666666664,33.24999999999999,240,0.0731500488807127,0.24682235632101546,true,-0.03862375309861155,0.11901462611448457,true
9z7sdEnttp9T9bzoRZumMcKWCU76RdmrFPi42km7Twb8,CGj63fS6gJXm8KvaUkkL5yAZvH9cjeRgHCgJwcZZEsRd,"sapog",0.2149234693877551,0.13711734693877553,84.25,53.75000000000001,392,0.08292693817942373,0.21829057341374905,true,-0.021477489366039375,0.10186836238191238,true
4JryygoiM1j324fYkeBzcQDcwRfd2WpgkEzUePFj1rJY,8ge8UzG9FyW4NDZ6zzZiUypnbcNQ3nUfTBKndxsmWqSB,"Legioüî•ReZero | 0% (fee+MEV)",0.1810846560846561,0.1353174603174603,228.16666666666669,170.5,1260,0.10212734257448156,0.17716561775427922,true,0.005795921975833354,0.07459495104003966,true
CgEKzNGbUAvFDGmMLSrqgumjEofTb1GNodzJUujG8DB5,8nQB9R48S3SXXDTvffTs4HNR2Bf2YdbXMHFcRGXCsVG6,"ArcKat",0.15494791666666669,0.13476562499999997,19.833333333333336,17.249999999999996,128,0.055819460877204075,0.29095885254016557,true,-0.06773218377152126,0.1481230567873943,true
4nGV3oRHi9Fkk7HwakFS1ZjVq6U7M2v1p5xLrAbYLQtZ,5okzFSJ474W7xZ75Xztdcvr4Kh61ZQzEW7eZisCdHxzc,"BlackHole 0% fee",0.16458333333333336,0.13464052287581701,335.75000000000006,274.6666666666667,2040,0.10791397837735771,0.1667490341241364,true,0.013160677508732243,0.06723019550714077,true
C3NxKEWdbR2XfHkCgbu2wCFeCCduJYkJ2pEomKx2wjRP,GbRQmLLZFwc6Y2T6LWeKAj4jYRUA216kp2qrVrpT9avM,"",0.1794590643274854,0.1345029239766082,40.91666666666667,30.66666666666667,228,0.06913752365710482,0.24537705565605925,true,-0.04067134575727698,0.12106221877314999,true
hN6om5PAp87yuy5UcVbwn5fXhWF3pEJcarFGXe4c6XQ,HBuFNK1dRGsqbrornwge5YVpN9AYF5T2issPmPdvLBWk,"Ikari",0.16646730462519935,0.13417065390749602,139.16666666666666,112.16666666666667,836,0.09476051323723245,0.1865926901781675,true,-0.002035863196287978,0.08242673621216098,true
FEtkEYC16YG4ANgohvGUhobZMTSKmNKJc5h8QvpRazrA,C6o1toH7rriz2DocmgTw6JzFbJdLpQ9w2QsjeKQQinfZ,"‚ú® Starfire [0% fee +MEV]",0.1589061345158906,0.1337767923133777,286.6666666666667,241.33333333333334,1804,0.10562299605458578,0.16802514180279285,true,0.011446663121822086,0.06894420989405092,true
2EutAcbv7T8it6PfPQ7HbK2KFMnMC6anwkX6C3RifE5M,3JFt7NBHuz7bR1wbWVKgGLkZx9QPwnkuW2sx2nREgbbr,"Sugar Free 0% üçπ",0.1591880341880342,0.1326121794871795,198.66666666666669,165.5,1248,0.09962770900979998,0.1744017794805249,true,0.005630935348084391,0.07475993766778863,true
EWVSb1db8iCNzbH3sejdo3fkYhZAUqwz1LTjWdaSd7Cz,CdVHBthnsGiEX53cAG2cHrwsfZseUsQNYTm6By6qno4f,"",0.17030201342281878,0.13213087248322147,101.5,78.75,596,0.08717534774286884,0.19530924817514023,true,-0.009821196900795436,0.09021206991666844,true
STaKesuXJH6UGRizuEVSWG1tyLu5ycKgWj3i1HUdvs5,2PEyBgsPYBQ8pMdXQtEaPGNqWQHE9GCnmV2tTVN4GMru,"Private",0.18111111111111114,0.13159722222222223,217.33333333333337,157.91666666666669,1200,0.09817825264545137,0.17419442537205054,true,0.004946423329599235,0.07544444968627378,true
7qhVdVXB8AQDPkyMsp76VF8LphuCwqSYtr9SqkQQZbRg,6bb3VS1Mx1UBEiyFbrdh4QeB4FRVCBwreL3C9mWvKWiH,"Old-Ben",0.15918446817979529,0.13156430796617713,476.9166666666667,394.1666666666667,2996,0.10937934008323974,0.15745346002354538,true,0.017887125956825043,0.06250374705904797,true
3yVYQsesS7eUEnpvyBS9FmZzFz1YNauM6Mg3M1oBbDC9,CSWfwhactcdyK2YcRmk3Hx1AZzNKDFnCecwiYsJDkuSm,"YVa",0.14752906976744187,0.12936046511627908,101.50000000000001,89,688,0.08745735870061101,0.1872213827033914,true,-0.006357101891989868,0.08674797490786287,true
2oHzvvTsW5A2pLpyUSiT5P19CCvE81RAtSgWQXu6x9b8,mStRhdPx1gCC8aTteWrEzqxLyjsn7nqh2LqsCZ2Bihr,"toyballz",0.14583333333333334,0.12900641025641027,30.333333333333336,26.833333333333336,208,0.06331239906117991,0.245033876032355,true,-0.044469954547538514,0.12486082756341152,true
3UvHZSXR9TkRgtKfaeRH17GaiWtCzujVmXK3K1eYZRyg,ATRFbtnsDd9ka3eZooTPixm3AjicHxod1BAhNYBMsj8K,"",0.16778273809523808,0.12834821428571427,37.58333333333333,28.749999999999996,224,0.06449550484984853,0.2392500249623599,true,-0.04139017573619399,0.121781048752067,true
EohESr4xHG2tmzL76oaL6NAW7ayA89rX8Le2t5vMoNPR,EreifamaYZ1cAtegv5hJFgRSqDQg3i6uRamWXfYuJeC8,"YO Validator",0.19054366078925272,0.1281486146095718,302.5833333333333,203.50000000000003,1588,0.09899094915376624,0.16432826988122642,true,0.009553773138591688,0.07083709987728132,true
A2ebRyFqKWC414hsBdUwaWiC8YKY43xzUbUf3cYhfYNk,YWKwnuovuAw4X3VDPJDPo5DPZ4TmdxsXzLArbvqu3Ph,"RlapSKY",0.1560897435897436,0.1278846153846154,40.583333333333336,33.25000000000001,260,0.06739392924765528,0.22931931793382967,true,-0.035531591388721424,0.11592246440459444,true
Gdo6FaCtTQqGYsmDQrX2icSZeqDCdVizGzBDNbiqCGbJ,6k6Yo8kmwssvayHTzp8K4jtVwmyRyjvQx6T96DNJAdYH,"FilatovDM",0.1838991769547325,0.12757201646090535,59.583333333333336,41.333333333333336,324,0.07178016062053606,0.2166090652756028,true,-0.02764132098266913,0.10803219399854214,true
ESNarF7DFmuWEfw8sd2A9uzjWxGuaF3BU8GBiszW9pft,AoEE3SrEtKFVFjPxkTXzEcUBmQHiUBJDjtwSZVinjUiP,"",0.16863207547169812,0.12617924528301888,35.75,26.750000000000004,212,0.06182554487104659,0.24035681336174108,true,-0.043667420880303905,0.12405829389617692,true
4kpGkEypMTgqSDh5GEQa2YZdiHsnPse2L2G7fPQS2Fvg,C2bJpaAU2cBupABkV5p9ed37sn7z8f2nfXqZ1gFBNBvv,"martta555",0.14685792349726776,0.12568306010928965,35.833333333333336,30.666666666666675,244,0.06450084804408882,0.2305945090303336,true,-0.037975024456818406,0.11836589747269141,true
7AGmaR23EUZFsxuyJ8VNUUPb7dzqY41uh9Tsjq7fQGVr,FqavJAnX2ioPssR7NkZnSU65fVLCr3AgnghuBKfSnePE,"üíö Mason üß°",0.14113408521303258,0.12527412280701755,300.3333333333333,266.58333333333337,2128,0.09997513642578171,0.15586639274782854,true,0.013725568583804127,0.06666530443206889,true
8QQn2KJcnMxZ3xHJQJMiyysyWx94mdNCBwoonT3YN9jQ,GQ8DSRSNCFGEdCEwc6em1ma18qSPc5cXCSDnSPSznWBP,"",0.15040436005625882,0.1243846694796062,142.58333333333337,117.91666666666669,948,0.08849633106169882,0.17207938700408335,true,0.0005371982614072665,0.07985367475446575,true
5Y1VqvwH5ep9JGJ4hhzxFoupy5Ndkk49ggKpWqAcjszs,Fx9gdBmp4Rer7rxu139ofGKcx3iffKS91gg2kFUeBvjD,"MSK",0.17350746268656717,0.12437810945273631,46.5,33.33333333333333,268,0.06555690335405444,0.22336138376028242,true,-0.034392774218109955,0.11478364723398296,true
FPwKd8WmeugZLZySCcr5RmqdVnQvJ5zRQRCy6tnkdLQF,7okgo2YWz8fgNLAHSmAFwqPF59GMq9QuTSFSzPkkVcq7,"Tokyo „äóÔ∏è 0%fee+Jito",0.14778985507246375,0.12431159420289856,339.91666666666663,285.9166666666667,2300,0.09997677223274035,0.15355902858403334,true,0.014734541376502583,0.06565633163937043,true
BEx3ZzH9cswWcJr3BcKg37rRURHmZPW98XY3RkXDprN4,J1r9rLo71mG7eTpX1jiYi7vyLE3QMZ4PCBXYJJfXYsp6,"Thor Solana",0.15492424242424246,0.12424242424242427,34.08333333333334,27.33333333333334,220,0.06131424731611529,0.23554868535956824,true,-0.042128522118277036,0.12251939513415006,true
5yRbBQY5ZKe7VcuuwCS8wVvMfcq41gNctbdhK781Joep,25rtQR4h9BQKMcU6a1DxpZjB27dwcRUAdVb9binerD9E,"üêæ RED FOX üêæ +MEV",0.14599525043177894,0.12375863557858377,225.41666666666669,191.08333333333334,1544,0.09475947976772273,0.1600631862380291,true,0.009120236100745329,0.07127063691512768,true
H68e2XUdXK3j8ibFv61VymvHn6AEhHPHLZSmbbQnZp1M,FxQLh2b8JnBFwPw325tix5x6BEJ7ibmqz2LyKLZWiGAX,"Eclair Stake | Elite Rewards & Security üõ°Ô∏è (5%)",0.14720607235142122,0.12330426356589148,151.91666666666669,127.25000000000001,1032,0.0888461841697685,0.1686528643123972,true,0.002185448070889953,0.07820542494498306,true
5CfFhpErZrKcrDLQtB7R9V66cAvQkcc6NmMPeA12vDgS,4mUZWLYoo16fe2S2xZ1DdXZHBxynRWBAf3prokBQsxac,"üîÆ Oracle 0%",0.1428003182179793,0.12286197295147176,239.33333333333331,205.91666666666669,1676,0.09499700008657251,0.15747817666309305,true,0.0103690542867271,0.07002181872914591,true
FZrSKKsKfZJovcQWRQFDXz8DbHKCSRZLZqbBAGd1dG57,8FPz3JG4E3HVXxGbPZVibarva4AGXSZWx3qKLUS5uFtN,"Koinsortium ‚ú® 0% Fee +MEV",0.17138183217859893,0.12240184757505775,296.8333333333333,212.00000000000003,1732,0.09499172961005754,0.15635477573947346,true,0.010855197839631264,0.06953567517624175,true
HnwMGBAw5PxaX56eSYc969MorEy2NzEMPLkmBkdnJmeq,2wUhcnViyzstvWmk7NAboKtjbFbqJPo4BvFBV37dacLc,"‚≠êStepByStep‚≠ê 0%Fee+Jito MEV",0.15210573476702513,0.12231182795698926,56.58333333333335,45.50000000000001,372,0.07063042078953298,0.20352778687634898,true,-0.023113660072473848,0.10350453308834687,true
58T8cF983TnmQS1Q7J9wW2wdKoXTdA5MZTaRR4Djyazf,2EugUXCgvu1qAfKiUgDjcMpeMcr1pvWVeug9YHtGDoSq,"VesuvioStake",0.158545197740113,0.12199858757062146,74.83333333333333,57.58333333333333,472,0.07486869097964971,0.1926196146545014,true,-0.016008480887801456,0.09639935390367446,true
Bat6DHawBwy8k4fqsrgkSMb33UWWCDyiXH9AUQBrWiGX,GCUWGuMnmtMv3BFMx8EmeWxst18sihXxyU3skeNGTj8A,"Lemon Tree üçã [0% fee]",0.14561575282854658,0.1218994778067885,223.08333333333337,186.75,1532,0.09302677095255293,0.1581706209221865,true,0.008998769056288457,0.07139210395958456,true
31yTzM6jWsuMkfmhNZkYGTPLDaiAQ3vYDZHEwjb5uRRq,2yruMEFWuAJ9C2jv5JyjAfgTZVGhCmv5945TUwdP17kk,"StakeStrong.com",0.16077044025157233,0.1214622641509434,34.083333333333336,25.75,212,0.058668016978669274,0.23470907132645633,true,-0.043667420880303905,0.12405829389617692,true
C64HQzVeuUakYPTFAbKsrhmzSiQYJDKtE8B3A1bDGrqG,5WF1VwByGfW31Nmk1xcfz9k5YyZLskX4659JXyAA3rpb,"Moondefi 0% fee‚úÖ Max Profit",0.1297348484848485,0.12121212121212122,34.25000000000001,32,264,0.06302431902558962,0.22048087303561653,true,-0.034955712096562085,0.11534658511243509,true
CBHHTRa6YtuUbNA1v6b18cAXExtbBEDRFshJiEJYjWzC,5VocRSwT6cqSTB8qcJ8CsSmHCmGNnohXySHWWQRfmv3a,"SunnyNode üî•0% fee + Jito MEVüî•",0.1519253910950662,0.12108904933814682,168.33333333333334,134.16666666666669,1108,0.08798044011298226,0.16441095377592194,true,0.0035121949247986575,0.07687867809107435,true
4rXCssbNbfGjPH727pBJXix3DPy47PN3ZVGMERdZQQ3D,GbC2vzt6S2HsUAJ46Qfh3aoG6oB9y3V4T7XD7914K5na,"Nexus üîó [0%]",0.13604280510018216,0.12097753491196114,298.75,265.6666666666667,2196,0.09646658865704433,0.1506778042103021,true,0.014138616186351535,0.06625225682952147,true
9HiuHYVDnoQz7xdL2NFmZdv6S2jYNUQxGg7taDwrZ3gy,GwT72fNWtBrFa9GsBru2kPso1NEw3AnzrjPwprVAv32X,"üåÄ SolWave 0%fee +Jito MEV",0.14973614775725597,0.12093227792436236,227.00000000000006,183.33333333333334,1516,0.09204548270108709,0.15731394457275732,true,0.008834574935599082,0.07155629808027393,true
Hpq4nm4CtYynqiao5mJCFyD4sbiXXEQiSN2JXScJ5rff,HnHDn142kXEKCPCdUNYYoz9LU1my9z4a867mswrFZJ2p,"tapikuti üî•0% fee + MEVüî•",0.1763451443569554,0.12073490813648297,89.58333333333334,61.33333333333335,508,0.07521048397315792,0.1882070329330125,true,-0.013980412995337609,0.09437128601121061,true
7TYbdqaFpHbLUWBe6fTc19XPweUMN6fB3GBW3TzZWu1i,7YCDRyGNn8g3WgZg25JLB9wKuERMkj99AFc8zHAQVwSt,"Steel Nerves",0.13878080415045396,0.1203793774319066,285.33333333333337,247.49999999999997,2056,0.09519720532256477,0.1511103918240882,true,0.013266076580577772,0.06712479643529524,true
JDktbt24QhX6B8x56hL5zruVuw44qYaox5jN2cSeM99k,89jnaTMuq5aXUkmpLbykRNaU16i7Du6QywqqPeCPT1Dy,"Insane",0.18016666666666664,0.12016666666666669,90.08333333333331,60.08333333333334,500,0.07448377940504533,0.18817149349721954,true,-0.014412099896041905,0.09480297291191492,true
4t2m68yq7z4WycsdEsNt862rvSPDn4SGmc3H5eJXCrYF,CwrJAdkEp7fibRs8Th989tX8gFyJo88jVoK9HmaSCkP7,"4t2",0.18317099567099568,0.11931818181818182,56.41666666666667,36.75,308,0.06476041634825688,0.2095405336612535,true,-0.029381007391102228,0.10977188040697525,true
HpszAuiaoGoZXfvuZds3gtVQ2ywV76eREHBGyyQovMhy,8WVqaMTGPKsVSFBBPgm1vHRvSzTZYhJStQhUva1jtg78,"mSOL",0.13411458333333334,0.11927083333333334,42.91666666666667,38.16666666666667,320,0.06547273562519056,0.20746077817207054,true,-0.028063983997036517,0.10845485701290952,true
FYWeJ3uyJRHPUYj84ebhPAa7ZTeq9WU8LHQaKAgDcF74,G5dZZ3J95jER4v7N5LBg73ybxfg9RxFBpVc3LAY57UPu,"StakeRocket üöÄ 0% Fee + Jito MEV üí∞ Boosted APY!",0.1533505154639175,0.11920103092783504,59.49999999999999,46.25,388,0.06910486353329624,0.1978931642600245,true,-0.02179457590793067,0.10218544892380368,true
BhcJRCZj9y8igr9cubx1H6cRAwS9XNZizmDFhfRHrjy1,6ZDsQFqdBNmcLho9KLv4M3ggzHxAh8G1EdR6DCjajPvK,"KURASH",0.1511111111111111,0.11916666666666666,45.333333333333336,35.75,300,0.06413531362486805,0.2107825356440806,true,-0.030302589848738036,0.11069346286461104,true
9Z2TswRKvvS1d8YZVdgnJAZyqwwVUhk3QLp74J8pEmXs,GVQEm6h2UjDKhSU54kf7kFumJ5NDWddyYUtgy5eLCtBn,"A7J SOl | üî• 0% Fee ‚ö° [ MEV ] üöÄ",0.13882187374346602,0.11866706875753921,460.3333333333333,393.50000000000006,3316,0.09853118809608763,0.1422685076858465,true,0.018990824751826552,0.061400048264046464,true
6kEtLATdCXttEJs9iXj8DfFsWYjQ6uUysN8KWxshJKLu,AsiGmWgxcbZm3FdbYHJ241pqt7r5FjUndATazYeJ871w,"BAZYLA",0.14236111111111113,0.11840277777777779,34.16666666666667,28.416666666666668,240,0.0591556722181909,0.22292854806682283,true,-0.03862375309861155,0.11901462611448457,true
A8vNkfP4Rv6msJyuXgwvUSUUu5vPfLxMJB5ddNkHaCGJ,HC1NSDR9cbBeQ8V1XJ62VNceUAbjGdnCcH7f5wVFVZw3,"Maslenok",0.15018756698821006,0.1180332261521972,186.83333333333331,146.83333333333331,1244,0.08695237358130653,0.1582977018167357,true,0.0055754100092228615,0.07481546300665015,true
CfXY2KyS6PvGW3oeSb7NCFZcswRZp2FAJY9E96hCvvVp,8wEfU2LDRFTJf57fv1FutTkp8LEW7cR2m5L7ZNNXXMCT,"AFK Validator 0%",0.13871758380771662,0.11796331435800128,292.41666666666663,248.6666666666667,2108,0.09331514741141023,0.14805887118021765,true,0.013600296384130187,0.06679057663174283,true
7cvpkJPcvNX1DpkyYzP9vtKrLUr9xEjb8AxcBT56bnjS,H5oqciP46Ls3mJZu334niaKMcVWjsC7JKULLCZHxT8hr,"SOL STAKE 0% FEE+MEV üöÄ",0.13855905006418487,0.11775246041934104,431.75000000000006,366.9166666666667,3116,0.09711412864558919,0.14208655438742132,true,0.018320899901394756,0.06206997311447826,true
7DWfjmZtryurJtUrpyALuuGqby2tjPzMjZL6vL7ujRBk,jVYhgtviF8DjxGQp3JYS6YZXoXA2LontoxK9cqQmjq3,"igor171M",0.1323717948717949,0.11730769230769232,34.41666666666667,30.500000000000004,260,0.060004045544789705,0.2167191388950837,true,-0.035531591388721424,0.11592246440459444,true
5rzBJeyPbEbrUGRWY9pNDp1mpR472zF5TE1dF7ATUvNR,VoteMYitKq7mruk9QPJRUgryYbSkyZKBuvnL1VTgoMq,"ZEROMAX - 0% + Jito MEV",0.14747942386831275,0.11705246913580247,477.8333333333333,379.25,3240,0.09683857202475109,0.14082785346957985,true,0.018743570232856287,0.06164730278301672,true
H3n2gVjzxhMWTXgqnrTfi8WdqAcQFuoHy5SqvAdqkMF4,4jx1b7HCN9nCxygP3hruC85BxcYndhxby4hkNexuHvxT,"topnode",0.1330963665086888,0.11670616113744077,112.33333333333336,98.50000000000001,844,0.08031038753231143,0.16660806436952855,true,-0.0018352383100897415,0.08222611132596275,true
6cgNsURNykJ8H7eLQu7XbLZCAc2yrCFgkfWaEWHYHXDb,5m3oE8X1HokEpjXJv9eES98JiNuD9yp1T9TDCuxvZZDR,"Rust = 1 Love",0.13000588928150764,0.11653415783274439,147.16666666666666,131.91666666666666,1132,0.08439055729783959,0.15879757999119115,true,0.0039031464928792267,0.07648772652299379,true
D7hwgGRTr1vaCxzmfEKCaf56SPgBJmjHh6UXHG3p12bB,8iLE53Y9k4sccy4gxrT936BHbhYS6J13kQT5vRXhXFMX,"BitFighter üõ°Ô∏è",0.13454861111111113,0.11631944444444443,25.833333333333336,22.333333333333332,192,0.05326644005949101,0.23544806772339316,true,-0.04792709643790669,0.1283179694537797,true
LytENd5zY8d2nG1o5r4oz1CX5oHv1W13HkMmPgo8MUg,3nYnW8z3Aum5U6HiVLJkR71rauWPW2hyvngye4t25rPt,"üõ°Ô∏è EverSafe | 0%",0.1374706572769953,0.11619718309859156,234.25,198.00000000000003,1704,0.08931703611054138,0.14983596665918744,true,0.01061512175032154,0.06977575126555147,true
Hu3b6mGQJ5jRYRJxdH4kZX6VAyw3p4LAmxDBxhvXVKje,FyrSH4VeQidMVPQ9AE2szAbP5xBZBprRG3z1QMMLNi5X,"Gotham",0.13712565104166669,0.115966796875,140.41666666666669,118.75,1024,0.08251420755737278,0.16060751449892596,true,0.002037260419470832,0.07835361259640218,true
8ypigreunb34pCiQRqZzQoie2ej5prAjovUq7sHB6gMZ,DsT3eKbWAaX9wVZQYBsbkDwpFA9NTDtXfsYc9wXUEWpn,"vilar",0.16291182170542634,0.11591569767441862,112.08333333333333,79.75000000000001,688,0.07649255499451925,0.17187551330354994,true,-0.006357101891989868,0.08674797490786287,true
FkoQCiGFNajMcobweNTVEL7qAWPkNRouqphjnk4ApXgA,9kkP5sRnyHD3qkyHykyWwbP9pQQcTWnzLPHtDcRxaE16,"",0.13814724919093851,0.11529126213592233,56.91666666666667,47.5,412,0.06727646334642079,0.19057237960930445,true,-0.019961952454165696,0.10035282547003871,true
GVkVZ5yzu1Ukfng1GPfipg1fG6S9hF4z2Uwcn6T7WWeC,8CKQeLWLkFXD9kg2U4y238i4eQrAxsoVtNA1dAtysbfJ,"üåê Crypton | No Fee +mev share",0.13267543859649122,0.1148823763955343,221.83333333333331,192.08333333333334,1672,0.08793637176312114,0.148738801420095,true,0.010333398108757934,0.07005747490711509,true
3raZLZE6gqVDAHDqTkJfQ8eWPAMZpWgKLJP3TZKD5iVh,84gebYpPpEafPeGJUVA8QzfaTQC3GeyVufCTHpqsQqE2,"RealNiceNode",0.14887640449438203,0.11458333333333334,106,81.58333333333334,712,0.07595539992488616,0.16925759869234214,true,-0.005565782968206166,0.08595665598407917,true
9jnYKtJoHKsR5XudQnvR9cXTxeorQf8C1wqZvU79govG,7spi8Z1CpG1AezUpjHQ5rGKxw2dBoeTfBmQxqT1YkS9y,"üç® Ice Cream | 0% fee",0.1334113190730838,0.11436051693404634,199.58333333333334,171.08333333333331,1496,0.08613846180670348,0.1503082942395586,true,0.00862563950312388,0.07176523351274913,true
9j7JiFdRtcenL3dBgRQRaiS8khGaxSUozrCmKdAfnmjh,34oGkjDsb6mRwSbvw9xZDtR9URfVpRnYjvwZecUZUsHF,"CoinDataFlow",0.1388888888888889,0.11375661375661375,35,28.666666666666664,252,0.05695616951067127,0.2143282969892048,true,-0.036724216378838014,0.11711508939471102,true
8bYQFFFRK8utNNSwZJwo291WwhNfev33yirj6qwZjF3t,725My2yzg5ZUpQtpEtivLT7JmRes2gGxF3KeGCbYACDe,"2poyDev",0.14099264705882353,0.1133578431372549,191.75,154.16666666666666,1360,0.0840810323068078,0.15114651803818152,true,0.007084754074353473,0.07330611894151953,true
2xKfuXN8HqaEi5L6Dwy2qZ3a5AJPM2hmZ88ZhgZgscom,6p7SQ6D3ACRYDM7x5Pjb9xa6sChaD3ZBoZxXpR2LyUZ7,"xXx with ‚ìø% fee + üíØ% Jito MEV rewards!",0.12589605734767026,0.11335125448028674,46.833333333333336,42.166666666666664,372,0.06398545817801381,0.1929523036436423,true,-0.023113660072473848,0.10350453308834687,true
4VBdwXogxkmnAhfExinGTdxctoVRECWndqCBSq4Thw9t,DsCamyDGT7ZsrBXhTEpYAiHdrnuPgnYtpWKeSST3QRBq,"fifty-fifty",0.12960526315789475,0.11304824561403508,98.50000000000001,85.91666666666666,760,0.07571450588634872,0.1654946089694299,true,-0.004097124291579636,0.08448799730745266,true
DLupiSkASr2wkSLazQodYL3M8v8zvtpoGrJ1nLc9bysK,He4AUUbyUciqmWuAga11ucr2tM64GA3NqFXYEPmHPv6t,"Avada Kedavra üêç",0.1275764036958067,0.11207356076759062,239.33333333333337,210.25,1876,0.08678582319912581,0.14357124407296257,true,0.012003742748165163,0.06838713026770785,true
2FtwoBFTBFt4FKpeQAh1otggKPhPHh1Aka2dQ7LvyKyD,BNYVMkawH7ekKdbZ7NHqd7duLVc6QLATHYf5aqMkwjec,"ifrosta",0.1394189991518236,0.11169423240033928,219.16666666666669,175.58333333333334,1572,0.08441410124082639,0.14638099705599483,true,0.00939823070072484,0.07099264231514818,true
GVeC7F7HPGb5ai9LxvD8vYckfwiHDCSULPfFDDgKMEfX,5vZqGaxGdjhrAVqScWxLiy67ze2PqgMzyNVJcagMvPaQ,"",0.1407051282051282,0.11121794871794873,36.583333333333336,28.916666666666668,260,0.055823684115375916,0.20939007026114542,true,-0.035531591388721424,0.11592246440459444,true
CZqQqmFZYoyWX1NiDNpbLFQUUiH2gmUweFtRV1vVifc8,GeYn4XjKycYJ6NqTFb94sYowMrtmKfHBcorE6SGAomQN,"MalinVal",0.14452541106128552,0.11061285500747385,128.91666666666669,98.66666666666667,892,0.07607649878240069,0.15814402976170497,true,-0.0006887309964783497,0.08107960401235137,true
7XCbYkANgiqgCoevBmJMAwYqD4iuKzNEJjd2XtF5QExp,AUTnPgB8m6qsctP9RRAcmnVrLSpZbBYB8nQAzYUN5j8q,"Dima_FantomasUA",0.14014116575591984,0.11031420765027322,102.58333333333333,80.75,732,0.07292433641496592,0.16349385049907023,true,-0.004936300172741874,0.08532717318861488,true
2VA3q6DbiLjbrLgnkiZ2fdyuRyVBkYRgqBDwA6qYiSDD,g4MMQmzT7182jBvyUebMvsgvNM3RVrVFFJd9tRjWXhf,"akexkuz",0.12464788732394368,0.11026995305164321,177.00000000000003,156.58333333333334,1420,0.08195075374876512,0.1468102908943157,true,0.007791825206239153,0.07259904780963386,true
Cj9UuXrk8AJZByDN4SMtACgQQWcFAFrKEygwtErxrxWT,5woJQ7GLyexhbpT8wzQQV8keYgFhZaJWKf3QGHS4YPmd,"Nautilus",0.13841324200913244,0.1095890410958904,40.41666666666667,32,292,0.05686288473934248,0.20079666516112882,true,-0.03126179076095919,0.1116526637768322,true
3sEWErVW8kK2frAk1KZQ5p3YZt1vzL6Pb6dTZJRVSPpz,CJznrtFkWvkK91W57btS77cXqRKce3DcoX8KXRp2WzpR,"gaver",0.13293247515808493,0.10916327913279135,392.4166666666667,322.25000000000006,2952,0.08879476773493176,0.13351946000680054,true,0.01772148654696593,0.06266938646890709,true
FG5w8e7nBXivh4N5zwMDyFrj5sMx11NUnd5wCmNfPZ6b,3RhKQt1L4RtZMGMY111bjymGqKcd6ZbExux9NCm8t1hd,"seanode",0.1732456140350877,0.10891812865497076,39.49999999999999,24.833333333333332,228,0.05180958454601679,0.21472101531906873,true,-0.04067134575727698,0.12106221877314999,true
cvCspZCYMsymAqK3FEVL7iVq3zxa6KnkAYPCugA7PXa,CTQjcSEuAN8Hs5SJ2F9rTJbJAAKxY5cyCXLzRSiD4JPr,"CapitalMagnate",0.14446347031963472,0.1089041095890411,210.91666666666669,159.00000000000003,1460,0.08110693079652143,0.14472753189853127,true,0.008238792976556025,0.07215208003931699,true
BP4XZG94R74uK5WgNewUa6uBcQGfmPtQnoVRpSYY31FV,BHuk6wv9pskvSuMxzAFksmFNxEWZDHDsYWSwvTKcCnhx,"Rorschach",0.12613636363636363,0.10861742424242425,111,95.58333333333334,880,0.07423548419705528,0.15623587362872102,true,-0.0009665428051702646,0.08135741582104328,true
7Lp6sJYnJL2p33oPshdfAx5FSvYDFYRpng2gHJDTEQeN,97im1Mxgn8FFcwhoVoqgGc7QegAokpQS2sxzrPVggKA3,"PeSSo'l",0.121482683982684,0.108495670995671,37.41666666666667,33.41666666666667,308,0.05706966601215345,0.19660018094147952,true,-0.029381007391102228,0.10977188040697525,true
9aUUBU9AQvgeL8GqSubinJWJxhcXptj3nmvhVEAme4HT,GhBWWed6j9tXLEnKiw9CVDHyQCYunAVGnssrbYxbBmFm,"Solsonic X",0.13930885529157666,0.10839632829373651,258,200.75,1852,0.08340040942474342,0.1397416369290802,true,0.011821663177814294,0.06856920983805873,true
7BTbVD8t98eYH3XV17Azui4cUMLyfvheoJ6w6VtWivfW,C2KtdF4FBNybpJrAW9p57SRxv1cqH7EAFeJPJ9J3biLi,"Yekat",0.14735243055555558,0.10763888888888891,56.58333333333334,41.33333333333334,384,0.060356959323562616,0.18468031891357853,true,-0.022116604113404166,0.10250747712927719,true
3hsiTfAvGGPxUdrEoaKfdju7Jypm6YDLFZcZ6dJXGvmT,4gGhS4PaKHsg5GWEpo4tHhMibdHMeRa5567NVubMEBiB,"Tarot",0.13876488095238096,0.10751488095238095,31.083333333333336,24.083333333333332,224,0.05056016985853319,0.21415608034354877,true,-0.04139017573619399,0.121781048752067,true
FUiUtbEoUVbtghgftxJwQackskGkW7MPbLFMQzHzsfb2,AvDxkBtVZgauCHTMLMUMFCG2GfnsN9zv2qXbrgAoWUmA,"",0.12711864406779663,0.10734463276836158,30.000000000000004,25.333333333333332,236,0.051414935881803236,0.21060718403846868,true,-0.03928890573161325,0.11967977874748625,true
DhKrFYrbiNJSJbVN242Bmi8izphkX6M68mf5R7A2vHgp,GioetmC79nLRnN7VDfHaq8coWAEFPJKu9py59uUqdV5U,"ZenithScape IO",0.1519607843137255,0.10723039215686274,103.33333333333334,72.91666666666666,680,0.06933167335961088,0.16223434430228187,true,-0.0066301396490652045,0.08702101266493822,true
AFZpadQLDCdMSCUf5fHAZbGB2G29jdfoef4kmytXVYzG,9BUaTrUWHVpwq4mN5YTWLD5cYy3UtyRSwzg5v2hyNFNm,"moninorka",0.15205627705627706,0.10714285714285716,46.833333333333336,33.00000000000001,308,0.05612059522786436,0.19497036384378394,true,-0.029381007391102228,0.10977188040697525,true
HSZfYvEn8VnrBsR5Ner7iWWbUcRvLsv1EMeLndnbhPgY,55gncCYVFXYZhjD5a3aemVVtiHaVwfzu2R4axgamGLwV,"R2-D2 Validator ü§ñ",0.12362825788751713,0.10656721536351166,120.16666666666666,103.58333333333333,972,0.07391739887186494,0.15128278942650839,true,0.0010298663097839805,0.07936100670608903,true
C4iCqAQuheCTQYsVNxYE2rWWjBmq2UfAdivYDKLdR4ut,HD9FwkthKMAFzT3zsPfsZuELUN7pW71KkDR1EczuX8t5,"Gladiator stake | Jito MEV",0.12424585218702869,0.10652337858220211,109.83333333333336,94.16666666666666,884,0.07257477948123421,0.15372010691054572,true,-0.0008733105692338705,0.08126418358510688,true
72i2Cdw5aa1S11uDvhfZVGGtAW8FbyxaBRN58hQqaSMn,Fxnh7reapaQPZdbLPpFG1svuEGcJvibnT1Q4N8h11g4A,"MoonCat",0.12967289719626168,0.10630841121495328,111,91.00000000000001,856,0.07194696519077252,0.15435127714459124,true,-0.0015395909720701262,0.08193046398794314,true
cybi55ebub37HZW9YmRaLh59Lh3kqaLTsEBQwW6vFkC,VaCdXKupamusfRsDf9Ai7e8Up36Z4f3MP6SqhnM7c76,"CyberAlex üëë MEV",0.138681592039801,0.1060323383084577,37.166666666666664,28.41666666666666,268,0.05285724487347003,0.20133105791946437,true,-0.034392774218109955,0.11478364723398296,true
3z6PJ9F4Yk2vAFGzCV6cQ9MLAJfHcGtLD3rDmuim3G2g,AShjuYEE1bTBar9HGJehw3FgzibJuVwuP846guzbjRPM,"Magnum Staking",0.12553556126820906,0.105719794344473,195.3333333333333,164.49999999999997,1556,0.07909996479361715,0.13993680271476186,true,0.009240295276253092,0.07115057773961991,true
5fSQdv4zsAJNx6RKpGho6sL6rY6a8nziaqcmwaRJB9NE,89DXJe6XTDASsmyXJoPyRetLq1csRj9N2Bwn67fNvYGt,"Blossom",0.11639492753623192,0.10552536231884058,42.83333333333334,38.83333333333333,368,0.058086451243232876,0.18413354654679637,true,-0.023456801320648306,0.10384767433652131,true
DBKSEwzFx3i64censdCm7v95Ujp2sFfMtksBACkET2Kh,ARondxXAhmFsVfVkhyBuCvnszpzpH2Joge1nD65L1G4V,"trk",0.14033564814814817,0.10532407407407407,40.41666666666667,30.333333333333332,288,0.05366165948589183,0.19640166371544013,true,-0.031756310345035364,0.11214718336090837,true
6XUsoRDfb5YrGy5m6HsSiMjFnSvKKbn83qfadKLeswKe,6ztDG1XRZiuXtoCotN51kUPtdHXwRAgRiVEbbUfoQ6CK,"MainOrbit",0.12207602339181285,0.10489766081871346,55.66666666666666,47.833333333333336,456,0.0612198143898378,0.17396324535494195,true,-0.016986013604531995,0.097376886620405,true
B6v1XojHEAjwn7LB5tjdejyjNNQXWZv4KDAcBzxyjBAB,BYNXBFkB89FoRCJ4VxFE9Tfde3anECjZjasTP8qSYQUi,"dman.sol",0.13143241167434716,0.10397465437788019,114.08333333333333,90.25,868,0.07023000453951621,0.15129482176288728,true,-0.001250095957634978,0.08164096897350799,true
G35uLP74uj4eCSfMs17ePKtK1ThuH8JKebAP1T2y6CYw,7VKJjStSELiuK9PRQzQmQCGgy627sGSRSJhCVobMLVqL,"",0.12251243781094527,0.103544776119403,32.833333333333336,27.750000000000007,268,0.051175849281687544,0.1983033030947856,true,-0.034392774218109955,0.11478364723398296,true
6xct3c93fs7s8Dm5j3rVabTDZD7ahtwFDTzydpFTuiEn,8StzUMT1Kq33EHPoFx9zYhfuvzAbiqeh5nE3DftLLDPG,"Robobo",0.12243357487922706,0.1032608695652174,135.16666666666666,114.00000000000001,1104,0.07283284274536206,0.1444209602003378,true,0.003445799863080988,0.07694507315279203,true
F4kMP5Sn9fgYLK78CHgMqSgvLhw1teasc32ynvuMtHjh,Anv7J9kMdJWr1aU6rQvQyd24zBp5GscP8NeDpRqGKz8e,"StrikeTeam",0.15228613569321534,0.10269174041297935,68.83333333333333,46.416666666666664,452,0.059426961794491945,0.17170460494368248,true,-0.017238471565464528,0.09762934458133754,true
HnvAnkcnGb9by7sKK8nqfYk1AkgxBzhnC1DQHn9rHDNS,AduRf23soau1sxTo1eyAoV11RyrtbyeF1fjj48jX9vYh,"G-Scale Validators",0.12162990196078433,0.10232843137254902,33.083333333333336,27.833333333333332,272,0.050615909142503746,0.19596828091216087,true,-0.03384230019496331,0.11423317321083631,true
9NPYTxizrasA4pjsnuQQBkgJYvgXp5zhzYk6jwYuVzmg,Hsk4q3CE6h7N4ryjMxX1ixUSaFrrAFZipu1w7p2ijokY,"Wexel",0.12904228855721395,0.10226644555002765,311.25000000000006,246.66666666666669,2412,0.08069053254955223,0.12880324563978196,true,0.015332699599254353,0.06505817341661865,true
AzNsncYBQKcjKkmSCbQSV77KhH91pjAbkD2g6F46dMU5,31BQ9aXoHU7TpJ4uQHyYGZW4JVb62LefFWW53NpeSYmB,"Yerevan",0.12066326530612247,0.10127551020408165,118.25000000000001,99.25000000000001,980,0.06964104182332168,0.14503971922644068,true,0.0011900533622376391,0.07920081965363537,true
9vE5CDEtr7GHQfZ7aRBJmMbTJZqCFGjkdZarYL1AYeGu,5HVnkucygxhRqnVqch1vEoH36CEpb9TRJAQHW1gKwuzD,"SoLada",0.1286764705882353,0.10018382352941178,35.00000000000001,27.250000000000004,272,0.049174338815948654,0.19334674594625276,true,-0.03384230019496331,0.11423317321083631,true
6qfpcN1G71zJW4oC3d7qzSkHanqzJCZmdJHCGsXGEsof,9HkDHk27SwpNdVuAjWvxx8d1Pg8HYUNCC721okcvj9Eg,"meme32",0.1381704980842912,0.10009578544061302,48.083333333333336,34.833333333333336,348,0.053262729189245656,0.1802674281115654,true,-0.025260337717650468,0.10565121073352349,true
5A8wwE5c2ND3H4ECwgpcPV28Gu9N1YjkvHTY4a1dm1EN,7dz4Zpj4bt6T6DsF8Lt3GKpWrkUXCXdmKxK2UGeAG2bi,"Khinkali | From üá¨üá™ with ‚ù§Ô∏è",0.12381840796019901,0.09922263681592039,331.83333333333337,265.91666666666663,2680,0.07895602702486816,0.12399102107818714,true,0.016608573258845686,0.06378229975702733,true
CqY9t377f7eEkWMfEwBRjGvQUQXVDrwvK39UEeXNUUm,H3PePkvEDsq7kUaHttsjkjxHf2Cwiay1cyLJhakstg99,"lanatalka",0.11913145539906105,0.09859154929577466,33.833333333333336,28.000000000000004,284,0.048835017014855805,0.1889716579390336,true,-0.032261241079139226,0.11265211409501225,true
CcLocgmBiGiFGL9S85dG1Q8BY3vSXVJ76nJKYfdAj3Ud,4vggdLQRGJYvBkgbVh6kEWhyBzua1yYVpZKh4GeiLo6w,"Cryptopia",0.13413242009132423,0.09845890410958902,39.16666666666667,28.749999999999993,292,0.049210256467213234,0.18728607884708726,true,-0.03126179076095919,0.1116526637768322,true
AYTzhcFH5JcPz71wRz4pV9iJu7cCRchD12q6fpx2fCtM,DKnZkpsqtS4kpFP5zWudrg8w9eCUHixJ2QCRtwwxh8Me,"jLbey J.O.S.S.",0.1207788671023965,0.09844771241830065,73.91666666666666,60.25,612,0.06085159069531203,0.1554277373940725,true,-0.009163054627330046,0.08955392764320305,true
4PeGtW7j4Fceg35WTXk7FLo4rE4pP8FHF2EytRezk9bY,F9yuGStLA8Mq67nQKGwp9SRG4JzQNU5U4zFPmgbS1YS,"",0.11900684931506848,0.09731735159817352,34.75,28.416666666666668,292,0.04843720383090078,0.18588854537199764,true,-0.03126179076095919,0.1116526637768322,true
6NmKxzGAdJ9ttewC8hwJEFaJdn4GScjpqimaL5BnbWgx,DD7NQUKUex26GEsM8jpcx36MoGykbdUHJ3LbcD6Lzrfn,"Valis Tech",0.13166996047430832,0.09724967061923584,133.25000000000003,98.41666666666667,1012,0.06672943230221595,0.13964040871438893,true,0.001811692881776114,0.0785791801340969,true
4QPDHzck5VbGf2cxNM3KNTw1beryrUxb8TTvjgjovX4B,ANRnEc3NFWyDFkJNHPnts9XAT1odt931qbgzMsSGdE1z,"Synergy | Solist.App",0.1212448559670782,0.09717078189300411,196.41666666666669,157.41666666666666,1620,0.07215922000562258,0.12964044451490753,true,0.009857916283504055,0.07053295673236895,true
JDNEkqjDDDMHb6qF8toRdg5geXkMXp4mD9hA42qn9zVh,ErqEyaojEmRu8bhJz74mJy5MgQcyLN1rCQ5frrusAb8A,"zazoley",0.11293050430504305,0.09694034440344404,122.41666666666666,105.08333333333334,1084,0.06732853400633855,0.13765358589003707,true,0.0031083305532268388,0.07728254246264618,true
3Q8GcTR6gUpFjSwjRuN6Bqy73xuJQHPKceuoDq8v18DC,4ZxDeRyvhXi7Bc23qPFkeZptzE8J54eimL8phVPN5AXa,"IT-SRV Group",0.11463730569948187,0.09650259067357514,88.5,74.50000000000001,772,0.06258605285700329,0.14593770691271546,true,-0.003751533361375181,0.0841424063772482,true
2nZFRYFgX8A2YVCawmbjuL4zSE6LSt5o7ZEHupB5rZBQ,Atw2Wond9H3DHfgg5NGqi4dxMwF3Nrgdhm39x2oK8MCW,"Green Labs | Nordic Waves",0.1255976775956284,0.09614071038251366,122.58333333333331,93.83333333333334,976,0.06536056205878228,0.13925639019797015,true,0.0011102060255590504,0.07928066699031397,true
ALTph32sY6zWEBa35tNyYZ9eeLq7ShKmybVfJCU7MSLF,dcwMB2qjmAwid5KNo2qquBPyDxzdLfe9io8JAxeRU5m,"lapsky",0.12138888888888887,0.09583333333333334,36.41666666666666,28.750000000000004,300,0.04787557281555739,0.18261711185717805,true,-0.030302589848738036,0.11069346286461104,true
EBoyo2DA2wQtnfGgVcGUCi48MguJFBNEdMt6V9dSns9r,CsfWHXyL85Ur2vsfJcxg8advGyfFa6FbCWMX22qbsqmk,"Phantom 0% fee top rewards",0.11991869918699187,0.09578252032520326,39.333333333333336,31.41666666666667,328,0.04928266855774423,0.17794466495775102,true,-0.027226413374975215,0.10761728639084822,true
yJeahQNRHNWtL9Z1SqPX3SBwTYXr5ECMYYVK4uYVwxt,J4pH3yiFrzFG1AQPRGBJXo3HP72MCZwsQamtp9ym4LwN,"Dosirak üá∞üá∑",0.13105835806132543,0.0956973293768546,176.66666666666669,129,1348,0.06886406016036728,0.13150961049153903,true,0.006937703687938904,0.07345316932793411,true
7SemrpW1SnhndK2ceWaRQKeAbTY7LdBaA1ctUmFg6jmE,CrLn7zEBytbmRBUGhkDyyUbGCa6H7bMCnw94Dip8QbcJ,"hukutu4.sol 0% FEE +MEV",0.11934885290148449,0.0954790823211876,117.91666666666667,94.33333333333334,988,0.06497131069368783,0.13819478903269866,true,0.0013482908630767093,0.0790425821527963,true
Hk18BQcmgSasjMGhNc6X5QDGx2VjQTVMdCciU2nXAL5R,6K5veuKeVeXXnJQVm9NPytNX3ZAbUoGWePyC83ymRUCh,"",0.1278538812785388,0.09446347031963472,37.33333333333333,27.583333333333336,292,0.046514782214994735,0.1823845017093984,true,-0.03126179076095919,0.1116526637768322,true
Fa17nmHFt62kmerRQNGtgVWDxnuf7UD3PY2eeFfhpz2t,E3yhPs5PPN4RZh8FbJo2eqtdrAYKCK9H7pcSD1vCNCP4,"dimGate",0.12609649122807018,0.09407894736842105,47.91666666666667,35.75,380,0.050411599379980965,0.16884594890806207,true,-0.022443703686974133,0.10283457670284715,true
zeiUD366nfvMkbMn78QzyhWs927JASUb8ftaCNEyjCH,9nyiCpH8tfzSDXWP5BX5u5Fyi7Mz1DcMPp5a7aUhDybE,"richandhappy",0.11384783798576902,0.09315134099616859,277.3333333333333,226.91666666666669,2436,0.0726861316985232,0.11864144197777979,true,0.015455479297351565,0.06493539371852144,true
FU8F2V8yCFhseHDc1CJ5Sj1e5AbGNh3MnSe4REYX7a3P,A9YmK82uhCXieM9Cw9gN7W1F2KCxa8U1ArA6qxnyYcXQ,"C-Key Validators | 0% fee + MEV",0.1170963781461019,0.09265653775322283,254.33333333333331,201.24999999999997,2172,0.07119014320320396,0.11976120621568384,true,0.013995051351489186,0.06639582166438382,true
GUvRSvhhQRA1PhTpMaqW5hELHcPP9QP4W45tHFEbtqRi,sBcuGeMJCRkdtMNgskLTX7MePb4CzCqZuyMKDrcPP8v,"Agrestus",0.11437416331994646,0.09245314591700134,113.91666666666667,92.08333333333333,996,0.06259181553643858,0.13451642003948328,true,0.0015046180390661662,0.07888625497680685,true
CQicKXFGuG3JGUHWYyuGQYuGJ4PtKSCDs91kbW7G6dCm,FKyoehgzXD6KVSQoHJuTteXGCrChYe65k98wMckr9MN8,"Kraft K",0.11266666666666666,0.09208333333333332,112.66666666666667,92.08333333333333,1000,0.06233820014375377,0.1339933588148767,true,0.0015820772127921115,0.0788087958030809,true
CbcGAKWLadLFUddypS57Q4TTb7KDDvXjHYtaR7ZdVUCp,85ykoc8e56w7wDB3q9obP4fA8WwzvWVNGspgqN2KZ9gC,"Hygge",0.1110991379310345,0.09163074712643679,257.75000000000006,212.58333333333334,2320,0.07089953411701734,0.11765618123264969,true,0.014844524159055399,0.06554634885681762,true
7Gjec4iDbTxLvVYNsRbZrrHdtyLByzdDJ1C5BmcMMBks,2b3UDcHQ8J4wLcCGjjh3f155Csoz24hrM4saG2r1Cydx,"NOVY",0.11194444444444444,0.09138888888888891,33.583333333333336,27.41666666666667,300,0.044881829598437964,0.1771489189607331,true,-0.030302589848738036,0.11069346286461104,true
51cbXxXHtwQ5WCSVkmjBrUcbZQUJjCWxvXP4mmoJiJGA,GW2AzEi3mttnuhnNH2hGqMuUz3FYKqo5Vgspp8Rx44L7,"Hive üêùüåº",0.09849476439790576,0.09107766143106459,75.25,69.58333333333334,764,0.058139584970413924,0.1399044435783237,true,-0.003981023015087924,0.08437189603096093,true
BRyrzHyP1YBfY8CZ4rSsafnf5G6nUrgywHd2ztMRW9Gk,6fiUHL6s3iGgp19H7PfbEuJGgu4LQsWMu625fya16xgb,"StarCraft: Brood War Validator",0.10583333333333333,0.09104166666666669,42.333333333333336,36.41666666666667,400,0.04903480624691076,0.16287138622507236,true,-0.02085764523360857,0.10124851824948158,true
EEN4pf92jyVoASZ6pQQMHcKXTF4d5T3cY1a942QhRasc,DCkFCCEQCuRTcJ3y4rTnWyXnQsi5abfCFXPZZ7pjPJqG,"DerNode",0.14583333333333334,0.08906249999999999,46.66666666666667,28.499999999999996,320,0.044307719918383906,0.17093789210082128,true,-0.028063983997036517,0.10845485701290952,true
8M2DJQmd7Gka44WQC5Y59qjvfJxzRaekpuy5zXfekG1G,EQahA1H9zQDGTHzt5uGq1YXoiFSaYU8WxjtfCCGjUAv1,"HassettNode üöÄHigh APY Max Profit + 0% fee‚úÖ",0.1194620253164557,0.0880801687763713,37.75,27.833333333333332,316,0.043457424187802185,0.17036173501659563,true,-0.028494647073723407,0.10888552008959643,true
Ah95vWS61zmcbreP7KWcJizUCpQqnGxN4feEaeADfX2d,F4UVoVGgmd2aJwnfz3eojQ92P9AvYbRG51z1xnEj8tFy,"pupu",0.1017080745341615,0.08734472049689442,65.50000000000001,56.25,644,0.052998444776517876,0.14064379091527254,true,-0.007921132545541602,0.08831200556141461,true
G8iCkG5QXykEmCKxe7yrXyXJapBUFxTQsiBUeeHtYmFJ,74DQRGa4oqepMGcz96obZvw5gJPEPwaPa9MTqbAfBi9F,"basist",0.1252422480620155,0.0864825581395349,129.25,89.25000000000001,1032,0.05814172764434846,0.12677844969266558,true,0.002185448070889953,0.07820542494498306,true
G2TBEh2ahNGS9tGnuBNyDduNjyfUtGhMcssgRb8b6KfH,F5b1wSUtpaYDnpjLQonCZC7iyFvizLcNqTactZbwSEXK,"AG 0% fee + ALL MEV profit share",0.10412789058093627,0.08645657078398196,2461.5833333333335,2043.8333333333335,23640,0.07960713862543314,0.09383524824467751,true,0.03225372969460197,0.048137143321271045,true
ADtaKHTsYSmsty3MgLVfTQoMpM7hvFNTd2AxwN3hWRtt,DksQwx83WoiCWWCWqUQZckgfuz5oz3fTweZyFrtTZCfw,"‚Äústryker55‚Äù",0.11587078651685394,0.08544007490636704,41.25,30.416666666666668,356,0.04341739145636937,0.16127817621470963,true,-0.02452070070595628,0.1049115737218293,true
CjtziaSBhv4E6RXmq3PQPsZn5KBg5WUR9XnhQ9PoLK5s,8PTusiY7z4wfjScHU6hr459AFDzrCki4wWmwhXd91mMr,"SolarTeam | üöÄ 0% Fee + MEV üí∞ Boosted APY!",0.10984848484848485,0.08522727272727273,38.666666666666664,30.000000000000004,352,0.0431097273153263,0.16154620644707,true,-0.024887367307138746,0.10527824032301175,true
keSVSWNZfPBeQPcwvvkkerr2Xd6XoFUyPeWwzHSUdNN,6Wi4bMzio6PGnHXg39zBMjGp5vgphLBB2k238DzPBqhz,"nikks",0.0981404958677686,0.08522727272727273,47.5,41.25000000000001,484,0.047580885347513355,0.14803026527358548,true,-0.015307365075286294,0.09569823809115931,true
5NiHw5LZn1FiL848XzbEBxuygbNvMJ7CsPvXNC8VmCLN,FGj3nQTn2Lwe9KkaKnFGm4HcxLSh8B8TjpvP4CinP4iX,"Bukashka",0.09681211723534558,0.08475503062117236,295.0833333333333,258.33333333333337,3048,0.06712105528926036,0.10649293033072695,true,0.018078238563797328,0.06231263445207569,true
Fire6ZGPLaqBBGWXC8PgweVjREVXRhwzgRNkdGs1wfQM,SmithX2hngQMZXVN36C6TsyjthTU3YnsALAs1MaDghV,"Blocksmith üóùÔ∏è",0.10110247662370483,0.08292266868840031,533.4166666666667,437.50000000000006,5276,0.06931802922159623,0.09891362964809804,true,0.023384759934274316,0.0570061130815987,true
CLdRznGdzSXqpAu3SNbYiaiXeDfbe3hJ7ZikFKybsSdX,93JNyhEhzyNQWAyqNRyCE8GN1jTAfR2NBT87hnrnYvAM,"eva",0.11079545454545456,0.0809659090909091,39.00000000000001,28.500000000000004,352,0.04022207092688909,0.15626251968923044,true,-0.024887367307138746,0.10527824032301175,true
8JpfpVyew5Y9cLQCHkt5gqT4vDZLL46ZknMbSThVjzrg,DUCKsGEPEdNv9QeskPNwoJdWgAXjxUFrkNDEKjAnLWyY,"ARCHER 0% commission + MEV",0.09745238095238096,0.08038095238095239,341.08333333333337,281.33333333333337,3500,0.06425538222081793,0.10012040749858035,true,0.019555727788674614,0.0608351452271984,true
FZg9duNJfiSDCPnbphbcKrucFRiLNpjDsdZMAa8HjPtx,GYRsheZ78JMfMNETuAZNrs6L1U3GsHP5crzzLPeETDYm,"",0.15071614583333334,0.08007812500000001,38.583333333333336,20.500000000000004,256,0.035241546142072186,0.17180052578870436,true,-0.03612091566899484,0.11651178868486786,true
9bxGPEvFjGHqpAHMkm97R5d8euFnpJ3ws83tMkTbcBUJ,CqSMzh8DWZeqYVa5M1V1rHU825T19NCjYipM3pkdHncm,"HanoiHilton",0.10505952380952382,0.08005952380952382,58.83333333333334,44.833333333333336,560,0.04571892732604403,0.13650448310987018,true,-0.011403835290218226,0.09179470830609124,true
rssaJ2iKcE9QWsFYRZr8Q66TQh5bRk9DxYrzxGMzWQr,RSSAw6n7Tvqi5iJc2xvHMfk1bhx47GVqj2pj1bq5NUq,"RSSA Validator",0.0933779761904762,0.07973710317460317,62.75000000000001,53.58333333333333,672,0.047737800439723366,0.13025206818901422,true,-0.006908038683212665,0.08729891169908569,true
34C9C4zhnjbExNcYzdYZyPccMAMdsfqKLDS5jkqcbUow,6h4mhExruKD3zp7FLFU6ZDK9yVqoLHHdKVGpGXcauveT,"fraybe",0.09967948717948717,0.07897435897435898,129.58333333333331,102.66666666666667,1300,0.05448317245768142,0.11315722392373162,true,0.0063292800857465,0.07406159293012651,true
2EiEMRvsBS43gbDCi5yb9GfRBghae41UFAbBt2iSvNYB,6tajb2FFdjiRJLrdwfKQsijHGmeVFcTcXJn6NH3BEoLW,"Irinkor",0.08626302083333334,0.07779947916666667,110.41666666666669,99.58333333333334,1280,0.05335911699270478,0.11210864484929407,true,0.006065726255449995,0.07432514676042301,true
2mDrrmhSzpSyaF12izGk8hnFjtKCGeCFPwQHpRiJDby2,9wQQnnnkk5b5GkQWTW9L4kEA3CjFv6CqsQd5gt6tRsHK,"S4Mar",0.09287587412587414,0.0776029526029526,318.75000000000006,266.3333333333333,3432,0.061631969116284005,0.09728350733194575,true,0.019352258069203144,0.06103861494666987,true
GdwLVjtBMZEXZiLV5iNnzSgunYmr1D4Fz2CDcEsT6HA2,DX3Rpy2drSHvwS85EEy29wH3LQG2ZrefoYqhroeJSzY7,"IN OTHER LIFE",0.1151107594936709,0.07753164556962025,72.75000000000001,49,632,0.045335619277762994,0.12949097348517374,true,-0.008375787392925944,0.08876666040879896,true
4DBSKsjbs66piUiQ6dUjw6cdVzAGc4FgeWSZ5UVPY5kr,Fm3YevqrrvwKWEAJVmypyja8JZnanYudvx2ZXV4RogX9,"Reveleum",0.09546925566343044,0.07746763754045308,78.66666666666669,63.833333333333336,824,0.04838477635036582,0.121794136100739,true,-0.00234226116564272,0.08273313418151573,true
BKw6h4WX1TttGQbTSULtKcVaEp6nzPxQGHexHiX27atH,ApcUbFDskBMrYJqu9orEnPSq5uMAH1YjhwR4DP2JwKT8,"Dragon Kiss",0.08971579961464354,0.07695086705202313,62.08333333333333,53.25000000000001,692,0.04597608529244151,0.1260369135061731,true,-0.006222361990288729,0.08661323500616175,true
6PvHaibtZhuba14dzbhGFJRASYX3Ka2oviRzSbXV2wYC,HM5H6FAYWEMcm9PCXFbbiUFfFVLTN9UGy9AqmMQjdMRA,"",0.11011423826196248,0.07597742167160428,1635.4166666666667,1128.4166666666667,14852,0.06794366326209074,0.08487460185557731,true,0.030175958050308017,0.050214914965564995,true
Bkucd9XTD2geqNsgcbMcqsSnLhqfHUuDvAUSGCXsJBdK,HVuzQEZtxQycpfJsLNAeykrqT2vLzKtUyKaAnNsnKy1A,"Solbase",0.08948087431693989,0.07519353369763206,131,110.08333333333333,1464,0.052512483238805134,0.10656907498486032,true,0.00828247945430318,0.07210839356156984,true
DQCriUSqyokJw5gA7snLqXhscRc1a7wNdgkt2ZsmK7Yd,FSZ4GBucapayiQC8w1VNpKDmzM6NZDBSZmEFZsgMteRr,"Morpheus",0.09218036529680365,0.07491438356164384,53.833333333333336,43.75000000000001,584,0.042454288113468,0.1288533689391593,true,-0.010332453458687912,0.09072332647456093,true
9Hzxq2BnACf7AJbLUBpuyRgtZtuJwFvNYAeah1x6iYcS,2WKHhJ34gNkw1G8iReLXn8roPfQUjsLyzjWHspNdvbFw,"Solidarnosc üáµüá±",0.09367933061962913,0.07408977838082316,276.1666666666667,218.41666666666669,2948,0.05741956710223775,0.095111376800119,true,0.017706244802276668,0.06268462821359634,true
BEL5CeekyNyWdocqr2YXTVVvYwzeActXNGMPJhmvFVsb,AAhcGqPdM9WdjhVH6T4vAQLvoDFrYQqirkxCdvxoKhgp,"Freedom",0.08745723362658847,0.07322214076246335,238.58333333333334,199.75,2728,0.056083449579141756,0.09507077632457524,true,0.01681700323602465,0.06357386977984836,true
WUNoB9YQXmXXRcJsjY1G8PfVag5aAfnyGmFd6YwJVwp,BDn3HiXMTym7ZQofWFxDb7ZGQX6GomQzJYKfytTAqd5g,"StakeCraft",0.09745370370370371,0.07287037037037038,175.41666666666669,131.16666666666669,1800,0.05243054676498417,0.10043399382910496,true,0.011414737766747764,0.06897613524912524,true
5WgvknZoXna3Fm8qiAmi2D4sZg6u1iyCWNXWxhAc9p4B,b3d74rXdGgdw9XeqRWgAnm7bsZgg9mf5J5hjZMqKxRD,"",0.08415943824865758,0.07233581164807931,271.6666666666667,233.50000000000003,3228,0.056522418304599864,0.09214128262715357,true,0.01870373386377165,0.06168713915210136,true
9cDdzkrimGrsNVKKRtN2Q1ydBwDxjDtPGyyLRgnUYyAQ,H1ScoL1TosVSRvJgARRnMs9extCdXZRWdKRqY4H7k3ik,"Alex Validator",0.0868271221532091,0.0723343685300207,111.83333333333333,93.16666666666667,1288,0.04894516546016153,0.10565875119100787,true,0.006171884242791359,0.07421898877308165,true
7VAxhRUMuGWf5sfE51pjjFmydcER3dfaXv3G6ia2Pr74,Cn9bZCGSYN57GsTfJ5YLCy8HMejHZqrBQkv99eusJtEH,"cesar | Platinum validator",0.09308788421366758,0.0721426439868696,415.91666666666674,322.3333333333334,4468,0.05848445647764457,0.08869003657853282,true,0.02192785709828579,0.05846301591758722,true
5p8qKVyKthA9DUb1rwQDzjcmTkaZdwN97J3LiaEywUjd,EsEtxoyhFTgfvudcy2VwwQJ1qA6BScLUW39PKpYczuxF,"r3Dub",0.08502492877492877,0.07193732193732194,79.58333333333333,67.33333333333334,936,0.0454497141760691,0.11204959277957693,true,0.00028378840984500525,0.080107084606028,true
5LqdfTzdPtnqTyKaduT2eRvtLgfGucVCJ3Gu1MmgtEq,J5L2z5rVWQHFeM8PzSSTnDedLrYgnK6WKxU4X8hh4qry,"AnyPool",0.0834599797365755,0.07155521783181358,109.83333333333336,94.16666666666667,1316,0.04851326197180848,0.10434109007259403,true,0.006535782964885405,0.07385509005098762,true
9Hk5RS6H7io9y2mcNBPFa9BBVnMuiNgGSHxrF7iNsNws,3JadNLK7V9NNzC9a1jRAZQXExT7mBtBhcjCaaaRE7B3R,"Abyss",0.09094311377245508,0.07135728542914171,60.74999999999999,47.666666666666664,668,0.041377250964629395,0.12033275190117955,true,-0.007048856561476795,0.0874397295773498,true
6m5vsg6XfsVUroo1zzZmB4YgFmV6ykLiwEXb6choovpc,8gJCfKzr55gM6DtAaFqoWjBGAmsJ71mpHem6qJAASBU4,"ElagabalX üî• Zero Fees + MEV Boostüî•",0.08575102880658436,0.07109053497942386,138.91666666666666,115.16666666666666,1620,0.050019527509023845,0.10010250068305633,true,0.009857916283504055,0.07053295673236895,true
5NMUFJ3gJxGw7tqJToRUghX8VAp75KKN2QdECZXbQoT7,4BwKbV3ViY9huwhxRrbYWC5GgRUCwEe9k1YpFqFC7kQa,"Dirizhable",0.0878520386717108,0.07098570828079025,278.6666666666667,225.16666666666666,3172,0.05520882368800968,0.09083763795155735,true,0.018514851489853427,0.061876021526019585,true
G3x5eb53kUpp92FWiyqRWJ3Q6e9tH3dEjGDgDWYf6was,GFK84uv9cr1d6KnkPERSEYagTvpLKTuwa8W9adx1qMg6,"Corgi-node ‚ö°Ô∏è 0% Fee + MEV",0.08907845868152275,0.07082753017641598,255.83333333333334,203.41666666666669,2872,0.05436671361575589,0.09178848499192972,true,0.01741062876664166,0.06298024424923135,true
HgozywotiKv4F5g3jCgideF3gh9sdD3vz4QtgXKjWCtB,DHoZJqvvMGvAXw85Lmsob7YwQzFVisYg8HY4rt5BAj6M,"coyote.staking",0.08447488584474887,0.0684153175591532,271.33333333333337,219.75000000000009,3212,0.053031546432154214,0.08784773658374032,true,0.01865027183429293,0.06174060118158008,true
FLAT3fBhQxrSPyT1zvyf58uQGARiGtnoN3VW8R7i38kC,EARTHZeTM64X3UMYf5rcWonQkTCn3uifEwutBx6e656K,"",0.0807449494949495,0.06837121212121212,106.58333333333333,90.25,1320,0.04595008590960774,0.10057925783530557,true,0.006586821134567038,0.07380405188130598,true
8U1oTx4EvAgqesgaemAzpwrJsysUHEg8bBQ7Kdbp1W5X,GC8W2uHZ9UyrmgoDGsuFt322L18cRhsbKxWiZ579aLM6,"labas",0.09056122448979592,0.06770833333333334,213,159.25000000000003,2352,0.05019238145330855,0.09075288144170505,true,0.015017569951981308,0.0653733030638917,true
Bs19Z9SokV1s46jutN9tqqaCgYf1GsVyyytVfkzwn9qK,5frYQSynysBe1akCVK9tNBJ5j8jgBgUsjAXAgqHxvykJ,"Empyrial - 0% fee, high performance and MEV profit share",0.08424908424908426,0.06767399267399267,306.6666666666667,246.33333333333331,3640,0.053201134798547295,0.08572756003443702,true,0.019956536985938904,0.06043433602993411,true
Ayk5TSNbnjQn95BGnz4ugkcm1kAtEwGcK1jRYmqrYvKN,3uvqr8aX2fS3W9XHdud5avRGbUtY9uswBGmr9S2N7uF2,"Dark",0.07524330900243309,0.06654501216545011,206.16666666666666,182.33333333333331,2740,0.050300078969343104,0.08755274378633524,true,0.01686825306004363,0.06352261995582939,true
8Q7K2irCbYfEG5ZWyBceiytbL1u977gXqw7UaHZ55Awo,3zEbnWKibg574DaGC1EA3zLNwBK6MGQxEySUgQWKBaYV,"OHara Nodes",0.08924093364197533,0.06491126543209878,308.41666666666674,224.3333333333334,3456,0.05042911136340558,0.0831880323218036,true,0.01942475630082295,0.06096611671505006,true
HrM8x5Xn6ugoHqfLc7MCr8K7D34Z3NBc1TcuohCJ2ksz,7zFvisPXq7xCFoSAL4oxZhRpDonmf8NxQFuLNGW4UYFh,"Ulastake",0.07403603034134008,0.062473662031184145,234.25000000000003,197.66666666666663,3164,0.04772799144150734,0.08138568834618697,true,0.01848745971011308,0.061903413305759936,true
5VrW7YNBccVnhnZVmooCePdLFcs2UjfxRT3hoY9mN8Ec,78QvBqfkWbDbyo1DMb2ku42r1UfxecwptjbPWJqxkX6E,"Appleyello",0.0782317281420765,0.06164617486338796,305.4166666666667,240.6666666666666,3904,0.0482965340598835,0.07838188414834978,true,0.02065282126674778,0.059738051749125234,true
BJvrWSfonXnS2Km8iA9KLY6D6vS3GcsaUwUNPFBumTca,GdVBPczdFaPf1GXvx8ByHeA1ZHAHwwmdQEPihH74SXm9,"rossi-mainnet",0.07659005037783376,0.05992863140218305,243.25,190.33333333333334,3176,0.04553621770317105,0.07849587758281273,true,0.01852850855263735,0.06186236446323566,true
GS7tvhfiU36vp8q2d92buz3dgENidvA3bWNpRDFcvnR2,4DcSke272vfn4QQK49RNzPPj9pYasbyjoiY1a5UxLDH1,"Cross Stitch Staking",0.073069403714565,0.05947580645161291,199.33333333333331,162.25000000000003,2728,0.04417026298128004,0.07964299961678045,true,0.01681700323602465,0.06357386977984836,true
GQiWnDYrzHMALWG9avt5FCu1wisAQHjGY5ve7GMBiPEe,5XGMWvqZSBk1fktPtxbwaMF5dhkbrtchpwd4xiXG9q8u,"Nam-dok-mai ü§ë stake-earn-repeat",0.06743808962264151,0.05815153301886793,228.75000000000003,197.25000000000003,3392,0.044392654060249774,0.0758363653971176,true,0.019229722160876404,0.06116115085499661,true
FYjejVMGsaN3v8fo33xfDxQxiDEdxw73KqgPymcLorY7,BfBPPqzYcqEQK9hF7AnQEJojzMtzQzB926qcPc4Y1v3L,"Guinea pig Stake",0.07280156537753224,0.05789594843462248,105.41666666666669,83.83333333333336,1448,0.03827882647165917,0.08666053923508445,true,0.00810664915909333,0.07228422385677968,true
D8kuk3qEiVBGwYkuMGKfBDwuRi6jjRkzjAZg45fdaRLx,7X7oVv6K6wawMNzVriczSAEk18GzqyrYrvqyJbwLAY3s,"LuminaNodes",0.06664791901012374,0.0546962879640045,237,194.5,3556,0.04165999227298438,0.07150753352772721,true,0.019718890100604302,0.06067198291526871,true
CptNqx18G3PjTz2dEq8GyU6TtTGfd31TE87mH6y5cRHT,GSaWJ4FjXQ3RGctXaBdcW9oh939cwxXUeeV9A9d4shvf,"ayk777",0.06761695906432749,0.05411641081871345,246.66666666666669,197.41666666666666,3648,0.041299017584526025,0.07061873803048649,true,0.019978740941633134,0.06041213207423988,true
4b1onMDEasBh4BuPekQWijx3BYR64hAE1z2jJyeZUkck,6anBvYWGwkkZPAaPF6BmzF6LUPfP2HFVhQUAWckKH9LZ,"4BLOCK 0% Fee + Jito All MEV",0.06740878169449598,0.05032467532467532,145.33333333333331,108.49999999999999,2156,0.034938785107177774,0.07198064777227856,true,0.01389801255578027,0.06649286046009274,true
7y5VhV4fkz6r4zUmH2UiwPjLwXzPL1PcV28or5NWkWRL,HxRrsnbc6K8CdEo3LCTrSUkFaDDxv9BdJsTDzBKnUVWH,"Haus ‚Äì Guaranteed Best APY & No Fees",0.060576231000465726,0.048536136161564845,1907.6666666666667,1528.5,31492,0.044037831451452,0.05346822674637129,true,0.03331465979660901,0.047076213219264,true
Weighted avg Sc_p,0.02858,,,,,,,,,,,,
Weighted avg Sc,0.04020,,,,,,,,,,,,
Global stdev,0.31385,,,,,,,,,,,,
Slot count,6048001,,,,,,,,,,,,
